# data files: 189, total bytes: 3084828081
# other file types (by extension): {'.input': 89, '.out': 25, '.output': 260, 'gridPOrun.mat': 1}
relpath	bytes	md5	rows	ncols_hdr	systemID	GM1_hdr	GM2_hdr	mu_hdr	mu_col6_first	mu_col6_min	mu_col6_max	reg_primary	reg_secondary	mu_registry	rel_diff_vs_col6	note
Earth/run20170502-165851_EarthA/gridPOrun.out	1560270	ee567086ccfbbac0c0a34541d1d1c812	1997	31	3	132712000000.0	403503.0	3.0404317106e-06	3.0404317106e-06	3.0404317106e-06	3.0404317106e-06	Sun	Earth	3.00348059507e-06	-1.215e-02	
Earth/run20170502-173022_EarthD/gridPOrun.out	59397589	1601edfc6e02e77014b5311a167c1cf3	76091	31	3	132712000000.0	403503.0	3.0404317106e-06	3.0404317106e-06	3.0404317106e-06	3.0404317106e-06	Sun	Earth	3.00348059507e-06	-1.215e-02	
Earth/run20170505-143440_Earth_L1_RPO-B/gridPOrun.out	13265297	b7da8bbd02f834e5d33fc507e47f88f8	16986	31	3	132712000000.0	403503.0	3.0404317106e-06	3.0404317106e-06	3.0404317106e-06	3.0404317106e-06	Sun	Earth	3.00348059507e-06	-1.215e-02	
Earth/run20170505-143440_Earth_L1_RPO/gridPOrun.out	7638435	015feb865c9e8785099130542081bda9	9782	31	3	132712000000.0	403503.0	3.0404317106e-06	3.0404317106e-06	3.0404317106e-06	3.0404317106e-06	Sun	Earth	3.00348059507e-06	-1.215e-02	
Earth/run20170505-145022_Earth_L1_BPO/gridPOrun.out	8749828	f59d3f499f3b4fdb33c74d5367cc908b	11209	31	3	132712000000.0	403503.0	3.0404317106e-06	3.0404317106e-06	3.0404317106e-06	3.0404317106e-06	Sun	Earth	3.00348059507e-06	-1.215e-02	
Earth/run20170505-162524_Earth_L1_BPO-B/gridPOrun.out	2182400	eb8f270a317790c082c9d48cffe099bb	2797	31	3	132712000000.0	403503.0	3.0404317106e-06	3.0404317106e-06	3.0404317106e-06	3.0404317106e-06	Sun	Earth	3.00348059507e-06	-1.215e-02	
Earth/run20170508-191633_Earth_L2_BPO/gridPOrun.out	8854663	eadbca2c78aa730e340b8fbad03f8203	11374	31	3	132712000000.0	403503.0	3.0404317106e-06	3.0404317106e-06	3.0404317106e-06	3.0404317106e-06	Sun	Earth	3.00348059507e-06	-1.215e-02	
Earth/run20170508-191752_Earth_L2_RPO/gridPOrun.out	7589938	bcbff9724d52d3f7859ffd43a3ff8aa4	9733	31	3	132712000000.0	403503.0	3.0404317106e-06	3.0404317106e-06	3.0404317106e-06	3.0404317106e-06	Sun	Earth	3.00348059507e-06	-1.215e-02	
Earth/run20170813-215121_Earth_DRO/gridPOrun.out	29610604	d6d4d1ac63009bd7a20cb62e2adf180e	37834	31	3	132712000000.0	403503.0	3.0404317106e-06	3.0404317106e-06	3.0404317106e-06	3.0404317106e-06	Sun	Earth	3.00348059507e-06	-1.215e-02	
Earth_Sys/Moon/run20150707_100000_MoonA/gridPOrun.out	1542921	7ca75cdc5a278f1e6953cd55170ef194	2113	29	301	398600.0	4900.0	0.0121437422553	0.0121437422553	0.0121437422553	0.0121437422553	Earth	Moon	0.0121505843947	5.634e-04	
Earth_Sys/Moon/run20150707_200000_MoonB/gridPOrun.out	12044491	11aa49e1cca256188b9c9db5522080fc	16519	29	301	398600.0	4900.0	0.0121437422553	0.0121437422553	0.0121437422553	0.0121437422553	Earth	Moon	0.0121505843947	5.634e-04	
Earth_Sys/Moon/run20150707_300000_MoonD/gridPOrun.out	44104742	9516c127c69c93ea549fa015a302e075	60476	29	301	398600.0	4900.0	0.0121437422553	0.0121437422553	0.0121437422553	0.0121437422553	Earth	Moon	0.0121505843947	5.634e-04	
Earth_Sys/Moon/run20170518-191028_Moon_L1_RPO/gridPOrun.out	7601826	60624945f980dfc257271b67df7db0c7	9732	31	301	398600.0	4902.8	0.0121505972201	0.0121505972201	0.0121505972201	0.0121505972201	Earth	Moon	0.0121505843947	-1.056e-06	
Earth_Sys/Moon/run20170518-191343_Moon_L2_RPO/gridPOrun.out	1321332	cf444065cd0be9bd0e41e78307241609	1694	31	301	398600.0	4902.8	0.0121505972201	0.0121505972201	0.0121505972201	0.0121505972201	Earth	Moon	0.0121505843947	-1.056e-06	
Earth_Sys/Moon/run20170518-194740_Moon_L1_BPO/gridPOrun.out	3769927	e0e50f33761ab99bbd1c7dcabc34ebfb	4830	31	301	398600.0	4902.8	0.0121505972201	0.0121505972201	0.0121505972201	0.0121505972201	Earth	Moon	0.0121505843947	-1.056e-06	
Earth_Sys/Moon/run20170518-195018_Moon_L2_BPO/gridPOrun.out	3409259	ecd887b0792e8e65a75fb3ca35b4da9f	4380	31	301	398600.0	4902.8	0.0121505972201	0.0121505972201	0.0121505972201	0.0121505972201	Earth	Moon	0.0121505843947	-1.056e-06	
Earth_Sys/Moon/run20171205-140914_Moon_DRO/gridPOrun.out	10072788	42d70ed9098ca32860f1c3bf7d1858ed	12886	31	301	398600.0	4902.8	0.0121505972201	0.0121505972201	0.0121505972201	0.0121505972201	Earth	Moon	0.0121505843947	-1.056e-06	
Jupiter/run20170502-012103_JupiterA/gridPOrun.out	2626333	bdef96aa6198c24191ff9a38cda96b4a	3360	31	5	132712000000.0	126713000.0	0.000953886085903	0.000953886085903	0.000953886085903	0.000953886085903	Sun	Jupiter	0.000953881152102	-5.172e-06	
Jupiter/run20170502-012145_JupiterD/gridPOrun.out	54294612	465aa829549009e54b5bdb11c0bc1b51	69505	31	5	132712000000.0	126713000.0	0.000953886085903	0.000953886085903	0.000953886085903	0.000953886085903	Sun	Jupiter	0.000953881152102	-5.172e-06	
Jupiter/run20170517-170549_Jupiter_L1_RPO/gridPOrun.out	13636137	a6addd5fac6be672281b222b7ef70fc5	17457	31	5	132712000000.0	126713000.0	0.000953886085903	0.000953886085903	0.000953886085903	0.000953886085903	Sun	Jupiter	0.000953881152102	-5.172e-06	
Jupiter/run20170517-170732_Jupiter_L1_BPO/gridPOrun.out	5838117	395b5d46129bf7c51cc15924c43f6899	7476	31	5	132712000000.0	126713000.0	0.000953886085903	0.000953886085903	0.000953886085903	0.000953886085903	Sun	Jupiter	0.000953881152102	-5.172e-06	
Jupiter/run20170517-170828_Jupiter_L2_RPO/gridPOrun.out	4846661	d160de3b4111f23fe4a60925ff9ba607	6218	31	5	132712000000.0	126713000.0	0.000953886085903	0.000953886085903	0.000953886085903	0.000953886085903	Sun	Jupiter	0.000953881152102	-5.172e-06	
Jupiter/run20170517-171103_Jupiter_L2_BPO/gridPOrun.out	5937773	efdf119ed142b2d5459c24cace779ea2	7624	31	5	132712000000.0	126713000.0	0.000953886085903	0.000953886085903	0.000953886085903	0.000953886085903	Sun	Jupiter	0.000953881152102	-5.172e-06	
Jupiter/run20171206-012355_Jupiter_DRO/gridPOrun.out	9448589	634e56084e216efff833213a33882394	12076	31	5	132712000000.0	126713000.0	0.000953886085903	0.000953886085903	0.000953886085903	0.000953886085903	Sun	Jupiter	0.000953881152102	-5.172e-06	
Jupiter_Sys/Callisto/run20170429-175328_CallistoA/gridPOrun.out	3137381	07c572c34fd089663b00e2d9a7375491	4016	31	504	126687000.0	7179.29	5.66662970646e-05	5.66662970646e-05	5.66662970646e-05	5.66662970646e-05	Jupiter	Callisto	5.66697088737e-05	6.021e-05	
Jupiter_Sys/Callisto/run20170429-175343_CallistoD/gridPOrun.out	52157020	ad013f3e48c3df3fb94a1f488a66bb13	66797	31	504	126687000.0	7179.29	5.66662970646e-05	5.66662970646e-05	5.66662970646e-05	5.66662970646e-05	Jupiter	Callisto	5.66697088737e-05	6.021e-05	
Jupiter_Sys/Callisto/run20170516-000354_Call_L1_RPO/gridPOrun.out	23620163	0b42f36371c07e21d0bd92fd690498cc	30252	31	504	126687000.0	7179.29	5.66662970646e-05	5.66662970646e-05	5.66662970646e-05	5.66662970646e-05	Jupiter	Callisto	5.66697088737e-05	6.021e-05	
Jupiter_Sys/Callisto/run20170516-000550_Call_L1_BPO/gridPOrun.out	11701666	e28d869031e748e378f345d6437ac3e8	14991	31	504	126687000.0	7179.29	5.66662970646e-05	5.66662970646e-05	5.66662970646e-05	5.66662970646e-05	Jupiter	Callisto	5.66697088737e-05	6.021e-05	
Jupiter_Sys/Callisto/run20170517-172352_Call_L2_RPO/gridPOrun.out	22530359	268b8cd1c4d426b96e51524e739a1358	28883	31	504	126687000.0	7179.29	5.66662970646e-05	5.66662970646e-05	5.66662970646e-05	5.66662970646e-05	Jupiter	Callisto	5.66697088737e-05	6.021e-05	
Jupiter_Sys/Callisto/run20170517-172520_Call_L2_BPO/gridPOrun.out	11545195	028bcb6834b482d1d811a9fa236211b3	14824	31	504	126687000.0	7179.29	5.66662970646e-05	5.66662970646e-05	5.66662970646e-05	5.66662970646e-05	Jupiter	Callisto	5.66697088737e-05	6.021e-05	
Jupiter_Sys/Callisto/run20170812-021557_Call_DRO/gridPOrun.out	20683250	afc52a37bf6db16e1f1752d3cc31954c	26427	31	504	126687000.0	7179.29	5.66662970646e-05	5.66662970646e-05	5.66662970646e-05	5.66662970646e-05	Jupiter	Callisto	5.66697088737e-05	6.021e-05	
Jupiter_Sys/Europa/run20170429-170901_Europa_A/gridPOrun.out	2114290	bca1b9722961c66dcccc1825b63371ba	2706	31	502	126687000.0	3202.74	2.52800921518e-05	2.52800921518e-05	2.52800921518e-05	2.52800921518e-05	Jupiter	Europa	2.52808163494e-05	2.865e-05	
Jupiter_Sys/Europa/run20170429-170910_Europa_D/gridPOrun.out	35793357	6389f28c77fc0d00c8f927278a4c32fb	45845	31	502	126687000.0	3202.74	2.52800921518e-05	2.52800921518e-05	2.52800921518e-05	2.52800921518e-05	Jupiter	Europa	2.52808163494e-05	2.865e-05	
Jupiter_Sys/Europa/run20170507-190056_Europa_L1_BPO/gridPOrun.out	5921646	fe1a395da9d9028ca9d3b5769343328a	7586	31	502	126687000.0	3202.74	2.52800921518e-05	2.52800921518e-05	2.52800921518e-05	2.52800921518e-05	Jupiter	Europa	2.52808163494e-05	2.865e-05	
Jupiter_Sys/Europa/run20170507-190400_Europa_L1_BPO_B/gridPOrun.out	3785630	e953cba3a76f78d988f1508e32d91eb2	4854	31	502	126687000.0	3202.74	2.52800921518e-05	2.52800921518e-05	2.52800921518e-05	2.52800921518e-05	Jupiter	Europa	2.52808163494e-05	2.865e-05	
Jupiter_Sys/Europa/run20170507-194315_Europa_L1_RPO/gridPOrun.out	10972122	cf8935b0f5c774b7f63160a2ca983a89	14052	31	502	126687000.0	3202.74	2.52800921518e-05	2.52800921518e-05	2.52800921518e-05	2.52800921518e-05	Jupiter	Europa	2.52808163494e-05	2.865e-05	
Jupiter_Sys/Europa/run20170508-192429_Europa_L2_BPO/gridPOrun.out	6002872	fa10b9e74c686f3918148291dec65d0b	7707	31	502	126687000.0	3202.74	2.52800921518e-05	2.52800921518e-05	2.52800921518e-05	2.52800921518e-05	Jupiter	Europa	2.52808163494e-05	2.865e-05	
Jupiter_Sys/Europa/run20170508-192602_Europa_L2_RPO/gridPOrun.out	10909757	5c6393337b131ff7bca508457f303266	13981	31	502	126687000.0	3202.74	2.52800921518e-05	2.52800921518e-05	2.52800921518e-05	2.52800921518e-05	Jupiter	Europa	2.52808163494e-05	2.865e-05	
Jupiter_Sys/Europa/run20170525-181915_Europa_L2_RPO_B/gridPOrun.out	10232140	185d295ae01b1807c6bf18161da44bf9	13137	31	502	126687000.0	3202.74	2.52800921518e-05	2.52800921518e-05	2.52800921518e-05	2.52800921518e-05	Jupiter	Europa	2.52808163494e-05	2.865e-05	
Jupiter_Sys/Europa/run20170811-144129_Europa_DRO/gridPOrun.out	21989118	14a20ccfd75d3aa48e65bf17ceb31d2b	28093	31	502	126687000.0	3202.74	2.52800921518e-05	2.52800921518e-05	2.52800921518e-05	2.52800921518e-05	Jupiter	Europa	2.52808163494e-05	2.865e-05	
Jupiter_Sys/Ganymede/run20170429-175248_GanymedeA/gridPOrun.out	2995452	669fbd1f411fb41c839c43a22ba3a2d0	3834	31	503	126687000.0	9887.83	7.80431956093e-05	7.80431956093e-05	7.80431956093e-05	7.80431956093e-05	Jupiter	Ganymede	7.80496054932e-05	8.213e-05	
Jupiter_Sys/Ganymede/run20170429-175310_GanymedeD/gridPOrun.out	48909137	9a877141c36c5be45b8833ff20047d91	62634	31	503	126687000.0	9887.83	7.80431956093e-05	7.80431956093e-05	7.80431956093e-05	7.80431956093e-05	Jupiter	Ganymede	7.80496054932e-05	8.213e-05	
Jupiter_Sys/Ganymede/run20170515-235730_Gany_L1_BPO/gridPOrun.out	10156513	af3fcd85be50c50329448a325716319d	13012	31	503	126687000.0	9887.83	7.80431956093e-05	7.80431956093e-05	7.80431956093e-05	7.80431956093e-05	Jupiter	Ganymede	7.80496054932e-05	8.213e-05	
Jupiter_Sys/Ganymede/run20170516-000028_Gany_L1_RPO/gridPOrun.out	22197463	68c92869176b7fca11e5ba4b0a818ffc	28426	31	503	126687000.0	9887.83	7.80431956093e-05	7.80431956093e-05	7.80431956093e-05	7.80431956093e-05	Jupiter	Ganymede	7.80496054932e-05	8.213e-05	
Jupiter_Sys/Ganymede/run20170517-171541_Gany_L2_BPO/gridPOrun.out	9853431	26ec417c2e47ca650b4c7a7392c68c28	12654	31	503	126687000.0	9887.83	7.80431956093e-05	7.80431956093e-05	7.80431956093e-05	7.80431956093e-05	Jupiter	Ganymede	7.80496054932e-05	8.213e-05	
Jupiter_Sys/Ganymede/run20170517-171704_Gany_L2_RPO/gridPOrun.out	21685146	f98b2d50d189592e52780286bbe89cf6	27802	31	503	126687000.0	9887.83	7.80431956093e-05	7.80431956093e-05	7.80431956093e-05	7.80431956093e-05	Jupiter	Ganymede	7.80496054932e-05	8.213e-05	
Jupiter_Sys/Ganymede/run20170812-021327_Gany_DRO/gridPOrun.out	19889278	f0b9f7bfb5b09ac16e394915d610cfd6	25413	31	503	126687000.0	9887.83	7.80431956093e-05	7.80431956093e-05	7.80431956093e-05	7.80431956093e-05	Jupiter	Ganymede	7.80496054932e-05	8.213e-05	
Jupiter_Sys/Io/run20170429-175738_IoA/gridPOrun.out	2780445	b3f61a72c4cabc84ab02b52c5c5411b8	3559	31	501	126687000.0	5959.916	4.70422034812e-05	4.70422034812e-05	4.70422034812e-05	4.70422034812e-05	Jupiter	Io	4.7044589601e-05	5.072e-05	
Jupiter_Sys/Io/run20170429-175738_IoD/gridPOrun.out	43565940	dec0b2e4e84ea206b1d65ce67631da93	55798	31	501	126687000.0	5959.916	4.70422034812e-05	4.70422034812e-05	4.70422034812e-05	4.70422034812e-05	Jupiter	Io	4.7044589601e-05	5.072e-05	
Jupiter_Sys/Io/run20170516-181630_Io_L1_RPO/gridPOrun.out	10934171	6a93978f9471e45b50e833a11897006a	14001	31	501	126687000.0	5959.916	4.70422034812e-05	4.70422034812e-05	4.70422034812e-05	4.70422034812e-05	Jupiter	Io	4.7044589601e-05	5.072e-05	
Jupiter_Sys/Io/run20170516-181826_Io_L1_BPO/gridPOrun.out	3590664	a43b3371e31325d334b7e4715396f965	4601	31	501	126687000.0	5959.916	4.70422034812e-05	4.70422034812e-05	4.70422034812e-05	4.70422034812e-05	Jupiter	Io	4.7044589601e-05	5.072e-05	
Jupiter_Sys/Io/run20170517-172804_Io_L2_BPO/gridPOrun.out	3568795	399a558e7c79f22feb0adb38da999648	4583	31	501	126687000.0	5959.916	4.70422034812e-05	4.70422034812e-05	4.70422034812e-05	4.70422034812e-05	Jupiter	Io	4.7044589601e-05	5.072e-05	
Jupiter_Sys/Io/run20170517-172842_Io_L2_RPO/gridPOrun.out	9840512	33bee85845e6fbb8e057cecd09989693	12616	31	501	126687000.0	5959.916	4.70422034812e-05	4.70422034812e-05	4.70422034812e-05	4.70422034812e-05	Jupiter	Io	4.7044589601e-05	5.072e-05	
Jupiter_Sys/Io/run20170811-190215_Io_DRO/gridPOrun.out	34264398	b759364496efd3a66d31120047aae7e8	43778	31	501	126687000.0	5959.916	4.70422034812e-05	4.70422034812e-05	4.70422034812e-05	4.70422034812e-05	Jupiter	Io	4.7044589601e-05	5.072e-05	
Mars/run20170502-174146_MarsA/gridPOrun.out	1485743	2eab58a107b736df7816230a1137471f	1901	31	4	132712000000.0	42828.4	3.22716756424e-07	3.22716756424e-07	3.22716756424e-07	3.22716756424e-07	Sun	Mars	3.22715499638e-07	-3.894e-06	
Mars/run20170502-174213_MarsD/gridPOrun.out	47787069	525c0eac880c525aae820124f86790a9	61218	31	4	132712000000.0	42828.4	3.22716756424e-07	3.22716756424e-07	3.22716756424e-07	3.22716756424e-07	Sun	Mars	3.22715499638e-07	-3.894e-06	
Mars/run20170506-202149_Mars_L1_BPO/gridPOrun.out	6607045	48d2c72e5f16d5677680cfb88f71a6d4	8463	31	4	132712000000.0	42828.4	3.22716756424e-07	3.22716756424e-07	3.22716756424e-07	3.22716756424e-07	Sun	Mars	3.22715499638e-07	-3.894e-06	
Mars/run20170506-202417_Mars_L1_BPO-B/gridPOrun.out	5234873	77951732e1cf3c289d1184f664b373c3	6712	31	4	132712000000.0	42828.4	3.22716756424e-07	3.22716756424e-07	3.22716756424e-07	3.22716756424e-07	Sun	Mars	3.22715499638e-07	-3.894e-06	
Mars/run20170506-204123_Mars_L1_RPO/gridPOrun.out	6888092	a4fd7d55991c18f910ef15c9a1f41e97	8826	31	4	132712000000.0	42828.4	3.22716756424e-07	3.22716756424e-07	3.22716756424e-07	3.22716756424e-07	Sun	Mars	3.22715499638e-07	-3.894e-06	
Mars/run20170508-191956_Mars_L2_BPO/gridPOrun.out	6555142	d4c783d788e7804e71a81ee7ed8ff5ae	8416	31	4	132712000000.0	42828.4	3.22716756424e-07	3.22716756424e-07	3.22716756424e-07	3.22716756424e-07	Sun	Mars	3.22715499638e-07	-3.894e-06	
Mars/run20170508-192109_Mars_L2_RPO/gridPOrun.out	6319072	9458f8f85c8f061e689af977b288def2	8094	31	4	132712000000.0	42828.4	3.22716756424e-07	3.22716756424e-07	3.22716756424e-07	3.22716756424e-07	Sun	Mars	3.22715499638e-07	-3.894e-06	
Mars/run20170814-160203_Mars_DRO/gridPOrun.out	21063333	3d8de23312e89a5ef8dd166bef1fea6b	26920	31	4	132712000000.0	42828.4	3.22716756424e-07	3.22716756424e-07	3.22716756424e-07	3.22716756424e-07	Sun	Mars	3.22715499638e-07	-3.894e-06	
Mercury/run20170502-173304_MercuryA/gridPOrun.out	1459282	716befaf6ac0a3735e0bf7c35b14b81d	1867	31	1	132712000000.0	22031.8	1.66012088903e-07	1.66012088903e-07	1.66012088903e-07	1.66012088903e-07	Sun	Mercury	1.66012055015e-07	-2.041e-07	
Mercury/run20170502-173447_MercuryD/gridPOrun.out	46555741	619ca18ea164a842c2c934e827387a4e	59637	31	1	132712000000.0	22031.8	1.66012088903e-07	1.66012088903e-07	1.66012088903e-07	1.66012088903e-07	Sun	Mercury	1.66012055015e-07	-2.041e-07	
Mercury/run20170620-193153_Mercu_L1_RPO/gridPOrun.out	10482672	a18d25cff0063cbd27dca48d640a1eca	13433	31	1	132712000000.0	22031.8	1.66012088903e-07	1.66012088903e-07	1.66012088903e-07	1.66012088903e-07	Sun	Mercury	1.66012055015e-07	-2.041e-07	
Mercury/run20170620-193706_Mercu_L1_BPO/gridPOrun.out	7803455	6c8ed2c2f1ea601b5f9a87ad84180d49	10003	31	1	132712000000.0	22031.8	1.66012088903e-07	1.66012088903e-07	1.66012088903e-07	1.66012088903e-07	Sun	Mercury	1.66012055015e-07	-2.041e-07	
Mercury/run20170803-140141_Mercu_L2_BPO/gridPOrun.out	9755841	af30a1732dd45d26e8b91b9dd3fb8eca	12532	31	1	132712000000.0	22031.8	1.66012088903e-07	1.66012088903e-07	1.66012088903e-07	1.66012088903e-07	Sun	Mercury	1.66012055015e-07	-2.041e-07	
Mercury/run20170803-140250_Mercu_L2_RPO/gridPOrun.out	9415908	16463a7f8105997ae4b5e39bf79a5635	12063	31	1	132712000000.0	22031.8	1.66012088903e-07	1.66012088903e-07	1.66012088903e-07	1.66012088903e-07	Sun	Mercury	1.66012055015e-07	-2.041e-07	
Mercury/run20171202-183758_Mercury_DRO/gridPOrun.out	32243504	25f9ec7cb977798880a8822903d976d6	41209	31	1	132712000000.0	22031.8	1.66012088903e-07	1.66012088903e-07	1.66012088903e-07	1.66012088903e-07	Sun	Mercury	1.66012055015e-07	-2.041e-07	
Neptune/run20170501-001728_NeptuneA/gridPOrun.out	2729130	617d1c6eb61fe6be254ddede6d2e5040	3493	31	8	132712000000.0	6836530.0	5.15113768229e-05	5.15113768229e-05	5.15113768229e-05	5.15113768229e-05	Sun	Neptune	5.15111841968e-05	-3.739e-06	
Neptune/run20170501-002339_NeptuneD/gridPOrun.out	45374400	0d6160a6bfffd1ff00dcf6cfba66cc6b	58108	31	8	132712000000.0	6836530.0	5.15113768229e-05	5.15113768229e-05	5.15113768229e-05	5.15113768229e-05	Sun	Neptune	5.15111841968e-05	-3.739e-06	
Neptune/run20170620-191435_Nept_L1_RPO/gridPOrun.out	4728190	dd412875c1a5d7a52ae4c43a06f255f7	6053	31	8	132712000000.0	6836530.0	5.15113768229e-05	5.15113768229e-05	5.15113768229e-05	5.15113768229e-05	Sun	Neptune	5.15111841968e-05	-3.739e-06	
Neptune/run20170620-191805_Nept_L1_BPO/gridPOrun.out	5843971	1939b30755df8ed4dcdb37b9aeb91098	7485	31	8	132712000000.0	6836530.0	5.15113768229e-05	5.15113768229e-05	5.15113768229e-05	5.15113768229e-05	Sun	Neptune	5.15111841968e-05	-3.739e-06	
Neptune/run20170620-191922_Nept_L1_BPO-B/gridPOrun.out	13625833	961bfa63e3bcbee9ea21e1b92fb637bd	17459	31	8	132712000000.0	6836530.0	5.15113768229e-05	5.15113768229e-05	5.15113768229e-05	5.15113768229e-05	Sun	Neptune	5.15111841968e-05	-3.739e-06	
Neptune/run20170803-141233_Nept_L2_BPO/gridPOrun.out	6100544	c8408f6a635bc71ef3fa8c7b7bcf37d4	7832	31	8	132712000000.0	6836530.0	5.15113768229e-05	5.15113768229e-05	5.15113768229e-05	5.15113768229e-05	Sun	Neptune	5.15111841968e-05	-3.739e-06	
Neptune/run20170803-141311_Nept_L2_RPO/gridPOrun.out	4655837	55a3d8494f848651bb39ea4590e1a4b9	5967	31	8	132712000000.0	6836530.0	5.15113768229e-05	5.15113768229e-05	5.15113768229e-05	5.15113768229e-05	Sun	Neptune	5.15111841968e-05	-3.739e-06	
Neptune/run20171203-145058_Nept_DRO/gridPOrun.out	40433104	c85fa082792c2e9cf14fa64150c42762	51662	31	8	132712000000.0	6836530.0	5.15113768229e-05	5.15113768229e-05	5.15113768229e-05	5.15113768229e-05	Sun	Neptune	5.15111841968e-05	-3.739e-06	
Neptune_Sys/Triton/run20170429-194837_TritonA/gridPOrun.out	2431454	7e1bf0841a637310515f1bc37c0c5086	3111	31	801	6835100.0	1427.6	0.00020881945975	0.00020881945975	0.00020881945975	0.00020881945975	Neptune	Triton	0.000208950456713	6.273e-04	
Neptune_Sys/Triton/run20170503-140318_TritonD/gridPOrun.out	47392393	f19d1db376153fccc332548eae315787	60677	31	801	6835100.0	1427.6	0.00020881945975	0.00020881945975	0.00020881945975	0.00020881945975	Neptune	Triton	0.000208950456713	6.273e-04	
Neptune_Sys/Triton/run20170508-184542_Triton_L1_BPO/gridPOrun.out	1954680	188720454a1c3e22e2e8730c1ff9ad66	2502	31	801	6835100.0	1427.6	0.00020881945975	0.00020881945975	0.00020881945975	0.00020881945975	Neptune	Triton	0.000208950456713	6.273e-04	
Neptune_Sys/Triton/run20170508-184543_Triton_L1_RPO/gridPOrun.out	12335024	045a7bfb6114934d60287231d100fed7	15800	31	801	6835100.0	1427.6	0.00020881945975	0.00020881945975	0.00020881945975	0.00020881945975	Neptune	Triton	0.000208950456713	6.273e-04	
Neptune_Sys/Triton/run20170508-184544_Triton_L2_BPO/gridPOrun.out	3490533	8396ab41588004948b71420dc3e4d22b	4480	31	801	6835100.0	1427.6	0.00020881945975	0.00020881945975	0.00020881945975	0.00020881945975	Neptune	Triton	0.000208950456713	6.273e-04	
Neptune_Sys/Triton/run20170508-184545_Triton_L2_RPO/gridPOrun.out	10807258	575cd0cda72fb58e3663fd16aaa2fe36	13851	31	801	6835100.0	1427.6	0.00020881945975	0.00020881945975	0.00020881945975	0.00020881945975	Neptune	Triton	0.000208950456713	6.273e-04	
Neptune_Sys/Triton/run20170803-145057_Triton_L1_BPO-B/gridPOrun.out	8380714	f6deddc4785140428d4a0bb07a913f20	10735	31	801	6835100.0	1427.6	0.00020881945975	0.00020881945975	0.00020881945975	0.00020881945975	Neptune	Triton	0.000208950456713	6.273e-04	
Neptune_Sys/Triton/run20171203-182418_Triton_DRO/gridPOrun.out	32915174	79b650ad32b2d84d734bfa67849c3893	42055	31	801	6835100.0	1427.6	0.00020881945975	0.00020881945975	0.00020881945975	0.00020881945975	Neptune	Triton	0.000208950456713	6.273e-04	
Saturn/run20170501-001147_SaturnA/gridPOrun.out	2249527	b6e21d8f0e211bc2eae62f8d7c87d575	2878	31	6	132712000000.0	37940600.0	0.000285805024307	0.000285805024307	0.000285805024307	0.000285805024307	Sun	Saturn	0.000285803962817	-3.714e-06	
Saturn/run20170501-002416_SaturnD/gridPOrun.out	38316989	6b3fe879a436d38f04aa191b362463df	49058	31	6	132712000000.0	37940600.0	0.000285805024307	0.000285805024307	0.000285805024307	0.000285805024307	Sun	Saturn	0.000285803962817	-3.714e-06	
Saturn/run20170620-183223_Saturn_L1_RPO/gridPOrun.out	13644099	6336aa325e4b1409344aeabd19c63939	17474	31	6	132712000000.0	37940600.0	0.000285805024307	0.000285805024307	0.000285805024307	0.000285805024307	Sun	Saturn	0.000285803962817	-3.714e-06	
Saturn/run20170620-183652_Saturn_L1_BPO/gridPOrun.out	10409330	6fc1c4ca3358f71a5dc5f12751cae4b2	13331	31	6	132712000000.0	37940600.0	0.000285805024307	0.000285805024307	0.000285805024307	0.000285805024307	Sun	Saturn	0.000285803962817	-3.714e-06	
Saturn/run20170620-184011_Saturn_L1_BPO-B/gridPOrun.out	20539108	654eb8a01368bb0e95ecef85b7562f82	26312	31	6	132712000000.0	37940600.0	0.000285805024307	0.000285805024307	0.000285805024307	0.000285805024307	Sun	Saturn	0.000285803962817	-3.714e-06	
Saturn/run20170803-140520_Saturn_L2_BPO/gridPOrun.out	10370703	5c6ac2da217805e9cb5c6677e8943a3f	13319	31	6	132712000000.0	37940600.0	0.000285805024307	0.000285805024307	0.000285805024307	0.000285805024307	Sun	Saturn	0.000285803962817	-3.714e-06	
Saturn/run20170803-140736_Saturn_L2_RPO/gridPOrun.out	11844041	95dda2642288775bb8bea4790e147968	15183	31	6	132712000000.0	37940600.0	0.000285805024307	0.000285805024307	0.000285805024307	0.000285805024307	Sun	Saturn	0.000285803962817	-3.714e-06	
Saturn/run20171202-190551_Saturn_DRO/gridPOrun.out	45559621	e0583d2b66d7ea253297b0db06db497e	58215	31	6	132712000000.0	37940600.0	0.000285805024307	0.000285805024307	0.000285805024307	0.000285805024307	Sun	Saturn	0.000285803962817	-3.714e-06	
Saturn_Sys/Dione/run20170502-193307_DioneB/gridPOrun.out	9748722	a1dfe656864375a290fc7fe6baab0ff9	12489	31	604	37931200.0	73.1164	1.92760205479e-06	1.92760205479e-06	1.92760205479e-06	1.92760205479e-06	Saturn	Dione	1.92759486931e-06	-3.728e-06	
Saturn_Sys/Dione/run20170502-193352_DioneD/gridPOrun.out	97637040	79ad764211714185c7148b340e9ceb2d	125102	31	604	37931200.0	73.1164	1.92760205479e-06	1.92760205479e-06	1.92760205479e-06	1.92760205479e-06	Saturn	Dione	1.92759486931e-06	-3.728e-06	
Saturn_Sys/Dione/run20170623-140504_Dione_L1_RPO/gridPOrun.out	6384453	4fe91b4284a967d1a1b1dba814148640	8172	31	604	37931200.0	73.1164	1.92760205479e-06	1.92760205479e-06	1.92760205479e-06	1.92760205479e-06	Saturn	Dione	1.92759486931e-06	-3.728e-06	
Saturn_Sys/Dione/run20170623-140544_Dione_L1_BPO/gridPOrun.out	2936981	5c99b5d5136f41a1c282dc69ebe79a06	3762	31	604	37931200.0	73.1164	1.92760205479e-06	1.92760205479e-06	1.92760205479e-06	1.92760205479e-06	Saturn	Dione	1.92759486931e-06	-3.728e-06	
Saturn_Sys/Dione/run20170623-140600_Dione_L1_BPO-B/gridPOrun.out	3886586	ee20f4b31a5b416e797490d8456ce4fd	4979	31	604	37931200.0	73.1164	1.92760205479e-06	1.92760205479e-06	1.92760205479e-06	1.92760205479e-06	Saturn	Dione	1.92759486931e-06	-3.728e-06	
Saturn_Sys/Dione/run20170803-142321_Dione_L2_BPO/gridPOrun.out	2915107	fbc73ce7de78383f30bfb9b4b627cf42	3743	31	604	37931200.0	73.1164	1.92760205479e-06	1.92760205479e-06	1.92760205479e-06	1.92760205479e-06	Saturn	Dione	1.92759486931e-06	-3.728e-06	
Saturn_Sys/Dione/run20170803-142430_Dione_L2_RPO/gridPOrun.out	6266984	8a069d10eb438dc3f9e841d9c8857ff8	8033	31	604	37931200.0	73.1164	1.92760205479e-06	1.92760205479e-06	1.92760205479e-06	1.92760205479e-06	Saturn	Dione	1.92759486931e-06	-3.728e-06	
Saturn_Sys/Dione/run20171204-214041_Dione_DRO/gridPOrun.out	24663869	c7ea55512e2476151db3910ed5f02b62	31514	31	604	37931200.0	73.1164	1.92760205479e-06	1.92760205479e-06	1.92760205479e-06	1.92760205479e-06	Saturn	Dione	1.92759486931e-06	-3.728e-06	
Saturn_Sys/Enceladus/run20170502-184055_EnceladusA/gridPOrun.out	3068084	3caa26f166b0d81d32c5c5879c1f581d	3928	31	602	37931200.0	7.21129	1.90114961536e-07	1.90114961536e-07	1.90114961536e-07	1.90114961536e-07	Saturn	Enceladus	1.90107317176e-07	-4.021e-05	
Saturn_Sys/Enceladus/run20170502-185725_EnceladusD/gridPOrun.out	81893054	49faaa52ccf22769743b0bdfe0e31ef7	104930	31	602	37931200.0	7.21129	1.90114961536e-07	1.90114961536e-07	1.90114961536e-07	1.90114961536e-07	Saturn	Enceladus	1.90107317176e-07	-4.021e-05	
Saturn_Sys/Enceladus/run20170507-183106_Encela_L1_BPO/gridPOrun.out	2822791	fdf3777629eec3ff52c521388104b53b	3618	31	602	37931200.0	7.21129	1.90114961536e-07	1.90114961536e-07	1.90114961536e-07	1.90114961536e-07	Saturn	Enceladus	1.90107317176e-07	-4.021e-05	
Saturn_Sys/Enceladus/run20170507-183214_Encela_L1_RPO/gridPOrun.out	7264801	145417fe797411aa3a86400049630922	9308	31	602	37931200.0	7.21129	1.90114961536e-07	1.90114961536e-07	1.90114961536e-07	1.90114961536e-07	Saturn	Enceladus	1.90107317176e-07	-4.021e-05	
Saturn_Sys/Enceladus/run20170508-192239_Encela_L2_BPO/gridPOrun.out	2826742	42b63501f343ee77f023a0931e826b31	3629	31	602	37931200.0	7.21129	1.90114961536e-07	1.90114961536e-07	1.90114961536e-07	1.90114961536e-07	Saturn	Enceladus	1.90107317176e-07	-4.021e-05	
Saturn_Sys/Enceladus/run20170508-192320_Encela_L2_RPO/gridPOrun.out	6743088	81b71325b11073c74503ec811341c60f	8641	31	602	37931200.0	7.21129	1.90114961536e-07	1.90114961536e-07	1.90114961536e-07	1.90114961536e-07	Saturn	Enceladus	1.90107317176e-07	-4.021e-05	
Saturn_Sys/Enceladus/run20171204-152904_Encela_DRO/gridPOrun.out	38280980	a8f3bca62e240ffbd493908fb62fb11b	48914	31	602	37931200.0	7.21129	1.90114961536e-07	1.90114961536e-07	1.90114961536e-07	1.90114961536e-07	Saturn	Enceladus	1.90107317176e-07	-4.021e-05	
Saturn_Sys/Iapetus/run20170502-193936_IapetusB/gridPOrun.out	11942530	cf6dbf3e5540a6acb7e461516a07747c	15297	31	608	37931200.0	120.513	3.17713695095e-06	3.17713695095e-06	3.17713695095e-06	3.17713695095e-06	Saturn	Iapetus	3.17720208587e-06	2.050e-05	
Saturn_Sys/Iapetus/run20170502-193956_IapetusD/gridPOrun.out	119535030	0ccd5e55032a14366a12551eb6ae8f8e	153130	31	608	37931200.0	120.513	3.17713695095e-06	3.17713695095e-06	3.17713695095e-06	3.17713695095e-06	Saturn	Iapetus	3.17720208587e-06	2.050e-05	
Saturn_Sys/Iapetus/run20170623-144857_Iapetus_L1_RPO/gridPOrun.out	9606111	373ea666c0790269aaa5ffce5d4820f1	12297	31	608	37931200.0	120.513	3.17713695095e-06	3.17713695095e-06	3.17713695095e-06	3.17713695095e-06	Saturn	Iapetus	3.17720208587e-06	2.050e-05	
Saturn_Sys/Iapetus/run20170623-144931_Iapetus_L1_BPO/gridPOrun.out	8098305	65f95d279cd30df1469632318cd228d9	10373	31	608	37931200.0	120.513	3.17713695095e-06	3.17713695095e-06	3.17713695095e-06	3.17713695095e-06	Saturn	Iapetus	3.17720208587e-06	2.050e-05	
Saturn_Sys/Iapetus/run20170623-144946_Iapetus_L1_BPO-B/gridPOrun.out	14717961	b66e6f5cb61673e8084aed41b4eced5d	18856	31	608	37931200.0	120.513	3.17713695095e-06	3.17713695095e-06	3.17713695095e-06	3.17713695095e-06	Saturn	Iapetus	3.17720208587e-06	2.050e-05	
Saturn_Sys/Iapetus/run20170803-142035_Iapetus_L2_BPO/gridPOrun.out	8194143	f4dd0294426c7a71ef4ad910946bcc33	10523	31	608	37931200.0	120.513	3.17713695095e-06	3.17713695095e-06	3.17713695095e-06	3.17713695095e-06	Saturn	Iapetus	3.17720208587e-06	2.050e-05	
Saturn_Sys/Iapetus/run20170803-142111_Iapetus_L2_RPO/gridPOrun.out	9656043	f4907e2aa22e18227c3d6a8f3ce7011f	12377	31	608	37931200.0	120.513	3.17713695095e-06	3.17713695095e-06	3.17713695095e-06	3.17713695095e-06	Saturn	Iapetus	3.17720208587e-06	2.050e-05	
Saturn_Sys/Iapetus/run20171205-134941_Iapetus_DRO/gridPOrun.out	38973414	b1a984fd7023fef768f0beab12173ae6	49797	31	608	37931200.0	120.513	3.17713695095e-06	3.17713695095e-06	3.17713695095e-06	3.17713695095e-06	Saturn	Iapetus	3.17720208587e-06	2.050e-05	
Saturn_Sys/Rhea/run20170502-193645_RheaB/gridPOrun.out	11164035	ffc005368d1bd134042b37e23e9b8fc1	14300	31	605	37931200.0	153.942	4.0584367285e-06	4.0584367285e-06	4.0584367285e-06	4.0584367285e-06	Saturn	Rhea	4.05839972348e-06	-9.118e-06	
Saturn_Sys/Rhea/run20170502-193702_RheaD/gridPOrun.out	111195747	100a588b8bdc8e915c2ef3f2d57cf4cc	142450	31	605	37931200.0	153.942	4.0584367285e-06	4.0584367285e-06	4.0584367285e-06	4.0584367285e-06	Saturn	Rhea	4.05839972348e-06	-9.118e-06	
Saturn_Sys/Rhea/run20170623-142617_Rhea_L1_RPO/gridPOrun.out	11124409	73e8aeab34da1a6777009bfad986d693	14243	31	605	37931200.0	153.942	4.0584367285e-06	4.0584367285e-06	4.0584367285e-06	4.0584367285e-06	Saturn	Rhea	4.05839972348e-06	-9.118e-06	
Saturn_Sys/Rhea/run20170623-143800_Rhea_L1_BPO/gridPOrun.out	5105777	121a7a1e460478dcd19c2b6a9838c940	6541	31	605	37931200.0	153.942	4.0584367285e-06	4.0584367285e-06	4.0584367285e-06	4.0584367285e-06	Saturn	Rhea	4.05839972348e-06	-9.118e-06	
Saturn_Sys/Rhea/run20170623-143954_Rhea_L1_BPO-B/gridPOrun.out	7083282	e4a91de093701b2d9215374598cecac2	9075	31	605	37931200.0	153.942	4.0584367285e-06	4.0584367285e-06	4.0584367285e-06	4.0584367285e-06	Saturn	Rhea	4.05839972348e-06	-9.118e-06	
Saturn_Sys/Rhea/run20170803-141827_Rhea_L2_BPO/gridPOrun.out	5119509	40e8335de14ec4cde0a754075d4bdab0	6574	31	605	37931200.0	153.942	4.0584367285e-06	4.0584367285e-06	4.0584367285e-06	4.0584367285e-06	Saturn	Rhea	4.05839972348e-06	-9.118e-06	
Saturn_Sys/Rhea/run20170803-141906_Rhea_L2_RPO/gridPOrun.out	10928755	4a24da16520670c9a7ddceceb2619a6d	14008	31	605	37931200.0	153.942	4.0584367285e-06	4.0584367285e-06	4.0584367285e-06	4.0584367285e-06	Saturn	Rhea	4.05839972348e-06	-9.118e-06	
Saturn_Sys/Rhea/run20171205-131813_Rhea_DRO/gridPOrun.out	45177004	e9bbcd16d720e28585a07c0fa2fd55bd	57710	31	605	37931200.0	153.942	4.0584367285e-06	4.0584367285e-06	4.0584367285e-06	4.0584367285e-06	Saturn	Rhea	4.05839972348e-06	-9.118e-06	
Saturn_Sys/Tethys/run20170502-191547_TethysA/gridPOrun.out	1580502	2eb700897021048f87675af54adbc48e	2023	31	603	37931200.0	41.2112	1.08647116952e-06	1.08647116952e-06	1.08647116952e-06	1.08647116952e-06	Saturn	Tethys	1.08644051322e-06	-2.822e-05	
Saturn_Sys/Tethys/run20170502-192836_TethysD/gridPOrun.out	84114530	3669e1a6eb34aceb19a935414f3b9206	107790	31	603	37931200.0	41.2112	1.08647116952e-06	1.08647116952e-06	1.08647116952e-06	1.08647116952e-06	Saturn	Tethys	1.08644051322e-06	-2.822e-05	
Saturn_Sys/Tethys/run20170623-150045_Tethys_L1_RPO/gridPOrun.out	3005369	37f8e9fd172e867a27d918398daaacc3	3846	31	603	37931200.0	41.2112	1.08647116952e-06	1.08647116952e-06	1.08647116952e-06	1.08647116952e-06	Saturn	Tethys	1.08644051322e-06	-2.822e-05	
Saturn_Sys/Tethys/run20170623-151843_Tethys_L1_BPO/gridPOrun.out	1492913	61dfd629ec006376d6e0238f5c64079b	1912	31	603	37931200.0	41.2112	1.08647116952e-06	1.08647116952e-06	1.08647116952e-06	1.08647116952e-06	Saturn	Tethys	1.08644051322e-06	-2.822e-05	
Saturn_Sys/Tethys/run20170623-151904_Tethys_L1_BPO-B/gridPOrun.out	1748627	6d15bf233ff82611e2c08bf12043c69e	2240	31	603	37931200.0	41.2112	1.08647116952e-06	1.08647116952e-06	1.08647116952e-06	1.08647116952e-06	Saturn	Tethys	1.08644051322e-06	-2.822e-05	
Saturn_Sys/Tethys/run20170803-141617_Tethys_L2_BPO/gridPOrun.out	1462684	cc783355f233d0420cbf9733e32cc366	1877	31	603	37931200.0	41.2112	1.08647116952e-06	1.08647116952e-06	1.08647116952e-06	1.08647116952e-06	Saturn	Tethys	1.08644051322e-06	-2.822e-05	
Saturn_Sys/Tethys/run20170803-141657_Tethys_L2_RPO/gridPOrun.out	2905795	d77f3d6ab4b7d9a687a6a5030ddd37cc	3722	31	603	37931200.0	41.2112	1.08647116952e-06	1.08647116952e-06	1.08647116952e-06	1.08647116952e-06	Saturn	Tethys	1.08644051322e-06	-2.822e-05	
Saturn_Sys/Tethys/run20171204-152905_Tethys_DRO/gridPOrun.out	15494024	29a09c49e7d1e40c386f40764027893e	19796	31	603	37931200.0	41.2112	1.08647116952e-06	1.08647116952e-06	1.08647116952e-06	1.08647116952e-06	Saturn	Tethys	1.08644051322e-06	-2.822e-05	
Saturn_Sys/Titan/run20170502-181457_TitanD/gridPOrun.out	47204274	13327cdaaf4dcf00215fa26c22817f80	60447	31	606	37931200.0	8978.14	0.000236639373881	0.000236639373881	0.000236639373881	0.000236639373881	Saturn	Titan	0.000236695341648	2.365e-04	
Saturn_Sys/Titan/run20170502-181556_TitanA/gridPOrun.out	2805900	8a77ff13590d9e800030a4b5d81b6d4a	3591	31	606	37931200.0	8978.14	0.000236639373881	0.000236639373881	0.000236639373881	0.000236639373881	Saturn	Titan	0.000236695341648	2.365e-04	
Saturn_Sys/Titan/run20170507-201336_Titan_L1_RPO/gridPOrun.out	3215232	bc8b6e3a8680d2a25897722ff563b576	4116	31	606	37931200.0	8978.14	0.000236639373881	0.000236639373881	0.000236639373881	0.000236639373881	Saturn	Titan	0.000236695341648	2.365e-04	
Saturn_Sys/Titan/run20170508-181203_Titan_L1_BPO/gridPOrun.out	12931998	e87bcd139c34131a7b380ace81db7c25	16564	31	606	37931200.0	8978.14	0.000236639373881	0.000236639373881	0.000236639373881	0.000236639373881	Saturn	Titan	0.000236695341648	2.365e-04	
Saturn_Sys/Titan/run20170508-181224_Titan_L1_BPO-B/gridPOrun.out	25848268	7be13273d17670e04414f4c71e1e1a68	33110	31	606	37931200.0	8978.14	0.000236639373881	0.000236639373881	0.000236639373881	0.000236639373881	Saturn	Titan	0.000236695341648	2.365e-04	
Saturn_Sys/Titan/run20170508-182643_Titan_L1_RPO-B/gridPOrun.out	13430400	3816fc6d4640d31800a9d80baf719ebe	17202	31	606	37931200.0	8978.14	0.000236639373881	0.000236639373881	0.000236639373881	0.000236639373881	Saturn	Titan	0.000236695341648	2.365e-04	
Saturn_Sys/Titan/run20170508-192904_Titan_L2_BPO/gridPOrun.out	2604449	f99b4b3e5153b50b0d4202c1869ab48a	3342	31	606	37931200.0	8978.14	0.000236639373881	0.000236639373881	0.000236639373881	0.000236639373881	Saturn	Titan	0.000236695341648	2.365e-04	
Saturn_Sys/Titan/run20170508-193231_Titan_L2_RPO/gridPOrun.out	11082034	231db7ef14d38e291e82955dd08a001e	14205	31	606	37931200.0	8978.14	0.000236639373881	0.000236639373881	0.000236639373881	0.000236639373881	Saturn	Titan	0.000236695341648	2.365e-04	
Saturn_Sys/Titan/run20170814-142558_Titan_DRO/gridPOrun.out	23657575	976e69d53aa5228714fe2146e2cae54b	30231	31	606	37931200.0	8978.14	0.000236639373881	0.000236639373881	0.000236639373881	0.000236639373881	Saturn	Titan	0.000236695341648	2.365e-04	
Uranus/run20170501-000557_UranusA/gridPOrun.out	2597122	63e4dc3beda32dbb2b34ac266168f5a4	3324	31	7	132712000000.0	5794550.0	4.36606863431e-05	4.36606863431e-05	4.36606863431e-05	4.36606863431e-05	Sun	Uranus	4.36605898095e-05	-2.211e-06	
Uranus/run20170501-002313_UranusD/gridPOrun.out	43889744	91dfa94928e1ce7585e4c363c4712fa0	56208	31	7	132712000000.0	5794550.0	4.36606863431e-05	4.36606863431e-05	4.36606863431e-05	4.36606863431e-05	Sun	Uranus	4.36605898095e-05	-2.211e-06	
Uranus/run20170620-190455_Uran_L1_RPO/gridPOrun.out	4438786	93f070628b3f2af3ff906e1db98593d8	5683	31	7	132712000000.0	5794550.0	4.36606863431e-05	4.36606863431e-05	4.36606863431e-05	4.36606863431e-05	Sun	Uranus	4.36605898095e-05	-2.211e-06	
Uranus/run20170620-190940_Uran_L1_BPO/gridPOrun.out	8762910	3b881c653316ab9f2642a4cd28a88c10	11226	31	7	132712000000.0	5794550.0	4.36606863431e-05	4.36606863431e-05	4.36606863431e-05	4.36606863431e-05	Sun	Uranus	4.36605898095e-05	-2.211e-06	
Uranus/run20170620-191000_Uran_L1_BPO-B/gridPOrun.out	16022845	bba31297228d0b6ed24a27038d6195f2	20532	31	7	132712000000.0	5794550.0	4.36606863431e-05	4.36606863431e-05	4.36606863431e-05	4.36606863431e-05	Sun	Uranus	4.36605898095e-05	-2.211e-06	
Uranus/run20170803-140915_Uran_L2_BPO/gridPOrun.out	8849465	df919e50d22f62561561f61237426398	11363	31	7	132712000000.0	5794550.0	4.36606863431e-05	4.36606863431e-05	4.36606863431e-05	4.36606863431e-05	Sun	Uranus	4.36605898095e-05	-2.211e-06	
Uranus/run20170803-141000_Uran_L2_RPO/gridPOrun.out	3844169	5832b12d51d470308ef97f5bfb7b7d48	4926	31	7	132712000000.0	5794550.0	4.36606863431e-05	4.36606863431e-05	4.36606863431e-05	4.36606863431e-05	Sun	Uranus	4.36605898095e-05	-2.211e-06	
Uranus/run20171203-145446_Uran_DRO/gridPOrun.out	16331875	e8b856ccd2bef55d86680cb0117c553d	20868	31	7	132712000000.0	5794550.0	4.36606863431e-05	4.36606863431e-05	4.36606863431e-05	4.36606863431e-05	Sun	Uranus	4.36605898095e-05	-2.211e-06	
Uranus_Sys/Ariel/run20170429-185432_ArielA/gridPOrun.out	1803259	ef43f7954d8d314e22770dd64a43f552	2308	31	701	5793950.0	83.4634	1.44050600548e-05	1.44050600548e-05	1.44050600548e-05	1.44050600548e-05	Uranus	Ariel	1.44100763261e-05	3.482e-04	
Uranus_Sys/Ariel/run20170503-140005_ArielD/gridPOrun.out	35813014	028ed91dfd72f7a2eb3b6d31ae37e958	45879	31	701	5793950.0	83.4634	1.44050600548e-05	1.44050600548e-05	1.44050600548e-05	1.44050600548e-05	Uranus	Ariel	1.44100763261e-05	3.482e-04	
Uranus_Sys/Ariel/run20170621-173706_Ariel_SpQ1/gridPOrun.out	5126932	abd32d0ac4e60dd2bd5b57678e534493	6562	31	701	5793950.0	83.4634	1.44050600548e-05	1.44050600548e-05	1.44050600548e-05	1.44050600548e-05	Uranus	Ariel	1.44100763261e-05	3.482e-04	
Uranus_Sys/Ariel/run20170621-173835_Ariel_SpL1/gridPOrun.out	2906917	2e155c249d555e188cbf4d3d7797592e	3724	31	701	5793950.0	83.4634	1.44050600548e-05	1.44050600548e-05	1.44050600548e-05	1.44050600548e-05	Uranus	Ariel	1.44100763261e-05	3.482e-04	
Uranus_Sys/Ariel/run20170621-174003_Ariel_SpL1B/gridPOrun.out	3824266	139acd4373f857f8f19b4f3fc1d005c5	4900	31	701	5793950.0	83.4634	1.44050600548e-05	1.44050600548e-05	1.44050600548e-05	1.44050600548e-05	Uranus	Ariel	1.44100763261e-05	3.482e-04	
Uranus_Sys/Ariel/run20170803-144141_Ariel_SpL2/gridPOrun.out	2905997	a9495b437dbb6a1c6a8da980f1bd705e	3731	31	701	5793950.0	83.4634	1.44050600548e-05	1.44050600548e-05	1.44050600548e-05	1.44050600548e-05	Uranus	Ariel	1.44100763261e-05	3.482e-04	
Uranus_Sys/Ariel/run20170803-144243_Ariel_SpQ2/gridPOrun.out	4915027	90dfdf871db26f078166a69a7d99ab83	6299	31	701	5793950.0	83.4634	1.44050600548e-05	1.44050600548e-05	1.44050600548e-05	1.44050600548e-05	Uranus	Ariel	1.44100763261e-05	3.482e-04	
Uranus_Sys/Ariel/run20171203-151714_Ariel_DRO/gridPOrun.out	12542463	88d5e466c3b2526327ae6b439a26a755	16031	31	701	5793950.0	83.4634	1.44050600548e-05	1.44050600548e-05	1.44050600548e-05	1.44050600548e-05	Uranus	Ariel	1.44100763261e-05	3.482e-04	
Uranus_Sys/Oberon/run20170429-190116_OberonA/gridPOrun.out	2469726	4904e84b1b6599c859aff6bb7d6b50b3	3161	31	704	5793950.0	205.323	3.54362264306e-05	3.54362264306e-05	3.54362264306e-05	3.54362264306e-05	Uranus	Oberon	3.54298044282e-05	-1.812e-04	
Uranus_Sys/Oberon/run20170622-194418_Oberon_SpQ1/gridPOrun.out	15031058	2d54a8657204625a01e66c2baa68c3f5	19247	31	704	5793950.0	205.323	3.54362264306e-05	3.54362264306e-05	3.54362264306e-05	3.54362264306e-05	Uranus	Oberon	3.54298044282e-05	-1.812e-04	
Uranus_Sys/Oberon/run20170622-194445_Oberon_SpL1/gridPOrun.out	8377077	929afc10bc4d2e0bb2fe0b579b1df903	10732	31	704	5793950.0	205.323	3.54362264306e-05	3.54362264306e-05	3.54362264306e-05	3.54362264306e-05	Uranus	Oberon	3.54298044282e-05	-1.812e-04	
Uranus_Sys/Oberon/run20170622-194502_Oberon_SpL1B/gridPOrun.out	14178737	7d2c45345d787f1d1c69574bfa38d936	18165	31	704	5793950.0	205.323	3.54362264306e-05	3.54362264306e-05	3.54362264306e-05	3.54362264306e-05	Uranus	Oberon	3.54298044282e-05	-1.812e-04	
Uranus_Sys/Oberon/run20170803-143625_Oberon_SpL2/gridPOrun.out	8412089	012e074743613e1742fc585e91aca6e1	10803	31	704	5793950.0	205.323	3.54362264306e-05	3.54362264306e-05	3.54362264306e-05	3.54362264306e-05	Uranus	Oberon	3.54298044282e-05	-1.812e-04	
Uranus_Sys/Oberon/run20170803-143708_Oberon_SpQ2/gridPOrun.out	15309580	4c44067a41fa4dbc5e9c026d5cc4be12	19626	31	704	5793950.0	205.323	3.54362264306e-05	3.54362264306e-05	3.54362264306e-05	3.54362264306e-05	Uranus	Oberon	3.54298044282e-05	-1.812e-04	
Uranus_Sys/Oberon/run20171203-180903_Oberon_DRO/gridPOrun.out	31224250	717ffe49c1e6a056fac90c0f1bb689bd	39894	31	704	5793950.0	205.323	3.54362264306e-05	3.54362264306e-05	3.54362264306e-05	3.54362264306e-05	Uranus	Oberon	3.54298044282e-05	-1.812e-04	
Uranus_Sys/Titania/run20170429-185804_TitaniaA/gridPOrun.out	2427628	23669b8bf39b2d49e0dc087ce28be634	3107	31	703	5793950.0	226.944	3.91675991592e-05	3.91675991592e-05	3.91675991592e-05	3.91675991592e-05	Uranus	Titania	3.91574409389e-05	-2.594e-04	
Uranus_Sys/Titania/run20170503-140147_TitaniaD/gridPOrun.out	48190745	ca03389e5b8859fb52ac654ed0130cc6	61718	31	703	5793950.0	226.944	3.91675991592e-05	3.91675991592e-05	3.91675991592e-05	3.91675991592e-05	Uranus	Titania	3.91574409389e-05	-2.594e-04	
Uranus_Sys/Titania/run20170622-193853_Titania_SpQ1/gridPOrun.out	16288522	151fe7e5c67fdc5039f29537fb5cdbcd	20857	31	703	5793950.0	226.944	3.91675991592e-05	3.91675991592e-05	3.91675991592e-05	3.91675991592e-05	Uranus	Titania	3.91574409389e-05	-2.594e-04	
Uranus_Sys/Titania/run20170622-194145_Titania_SpL1/gridPOrun.out	5497001	2826aa85cb6f306165562c2b7ba811e0	7041	31	703	5793950.0	226.944	3.91675991592e-05	3.91675991592e-05	3.91675991592e-05	3.91675991592e-05	Uranus	Titania	3.91574409389e-05	-2.594e-04	
Uranus_Sys/Titania/run20170622-194203_Titania_SpL1B/gridPOrun.out	8061467	972cc0507deec653f000299bbb2ac1e6	10327	31	703	5793950.0	226.944	3.91675991592e-05	3.91675991592e-05	3.91675991592e-05	3.91675991592e-05	Uranus	Titania	3.91574409389e-05	-2.594e-04	
Uranus_Sys/Titania/run20170803-143416_Titania_SpL2/gridPOrun.out	5418591	b589ffd6b995363d4d03849a5ced772a	6958	31	703	5793950.0	226.944	3.91675991592e-05	3.91675991592e-05	3.91675991592e-05	3.91675991592e-05	Uranus	Titania	3.91574409389e-05	-2.594e-04	
Uranus_Sys/Titania/run20170803-143451_Titania_SpQ2/gridPOrun.out	15707754	de95fa8c9b977756065fd038a2d33b35	20137	31	703	5793950.0	226.944	3.91675991592e-05	3.91675991592e-05	3.91675991592e-05	3.91675991592e-05	Uranus	Titania	3.91574409389e-05	-2.594e-04	
Uranus_Sys/Titania/run20171203-180116_Titania_DRO/gridPOrun.out	6695589	9a3ee2b9a8cbb84f37b8fecddd6f3305	8560	31	703	5793950.0	226.944	3.91675991592e-05	3.91675991592e-05	3.91675991592e-05	3.91675991592e-05	Uranus	Titania	3.91574409389e-05	-2.594e-04	
Uranus_Sys/Umbriel/run20170429-185552_UmbrielA/gridPOrun.out	1855587	418ec118446513252450d86ab25ba166	2375	31	702	5793950.0	85.0934	1.46863798076e-05	1.46863798076e-05	1.46863798076e-05	1.46863798076e-05	Uranus	Umbriel	1.46861975491e-05	-1.241e-05	
Uranus_Sys/Umbriel/run20170503-140107_UmbrielD/gridPOrun.out	37336803	3735a7f100a15c7367586d64a4566a13	47830	31	702	5793950.0	85.0934	1.46863798076e-05	1.46863798076e-05	1.46863798076e-05	1.46863798076e-05	Uranus	Umbriel	1.46861975491e-05	-1.241e-05	
Uranus_Sys/Umbriel/run20170503-140147_TitaniaD/gridPOrun.out	48190745	ca03389e5b8859fb52ac654ed0130cc6	61718	31	703	5793950.0	226.944	3.91675991592e-05	3.91675991592e-05	3.91675991592e-05	3.91675991592e-05	Uranus	Titania	3.91574409389e-05	-2.594e-04	
Uranus_Sys/Umbriel/run20170621-174529_Umbriel_SpQ1/gridPOrun.out	7022470	31a8416059a1ef4deba72e94f083bf4a	8990	31	702	5793950.0	85.0934	1.46863798076e-05	1.46863798076e-05	1.46863798076e-05	1.46863798076e-05	Uranus	Umbriel	1.46861975491e-05	-1.241e-05	
Uranus_Sys/Umbriel/run20170621-174747_Umbriel_SpL1/gridPOrun.out	4606429	2f5cf30d931567ee7b4be2665999b487	5901	31	702	5793950.0	85.0934	1.46863798076e-05	1.46863798076e-05	1.46863798076e-05	1.46863798076e-05	Uranus	Umbriel	1.46861975491e-05	-1.241e-05	
Uranus_Sys/Umbriel/run20170621-174809_Umbriel_SpL1B/gridPOrun.out	5930705	45b893a3a14c3a55d0c5bd8b32b65d4f	7598	31	702	5793950.0	85.0934	1.46863798076e-05	1.46863798076e-05	1.46863798076e-05	1.46863798076e-05	Uranus	Umbriel	1.46861975491e-05	-1.241e-05	
Uranus_Sys/Umbriel/run20170803-143144_Umbriel_SpL2/gridPOrun.out	4608361	9d973b10938dd4e1898af3972f5b40de	5917	31	702	5793950.0	85.0934	1.46863798076e-05	1.46863798076e-05	1.46863798076e-05	1.46863798076e-05	Uranus	Umbriel	1.46861975491e-05	-1.241e-05	
Uranus_Sys/Umbriel/run20170803-143233_Umbriel_SpQ2/gridPOrun.out	6757473	f892603f69125a18a6f69241b7a55a64	8661	31	702	5793950.0	85.0934	1.46863798076e-05	1.46863798076e-05	1.46863798076e-05	1.46863798076e-05	Uranus	Umbriel	1.46861975491e-05	-1.241e-05	
Uranus_Sys/Umbriel/run20171203-152839_Umbriel_DRO/gridPOrun.out	23868858	e39ac72613b54975f704acd807e1e70c	30503	31	702	5793950.0	85.0934	1.46863798076e-05	1.46863798076e-05	1.46863798076e-05	1.46863798076e-05	Uranus	Umbriel	1.46861975491e-05	-1.241e-05	
Venus/run20170621-183026_VenusA/gridPOrun.out	1553269	93d8d37c806a8d0ac6534b33362718bb	1988	31	2	132712000000.0	324859.0	2.44784348662e-06	2.44784348662e-06	2.44784348662e-06	2.44784348662e-06	Sun	Venus	2.44783229633e-06	-4.571e-06	
Venus/run20170621-183143_VenusD/gridPOrun.out	56098457	b52e2efe0d5d0f44a911ff3716cac78a	71869	31	2	132712000000.0	324859.0	2.44784348662e-06	2.44784348662e-06	2.44784348662e-06	2.44784348662e-06	Sun	Venus	2.44783229633e-06	-4.571e-06	
Venus/run20170622-190522_venus_L1_RPO/gridPOrun.out	9966132	7d761ab34efec1cfa4e59783cf40ed58	12760	31	2	132712000000.0	324859.0	2.44784348662e-06	2.44784348662e-06	2.44784348662e-06	2.44784348662e-06	Sun	Venus	2.44783229633e-06	-4.571e-06	
Venus/run20170622-191006_venus_L1_BPO/gridPOrun.out	7574824	b7636285a41a3620b3b5ccfa8c7cf581	9703	31	2	132712000000.0	324859.0	2.44784348662e-06	2.44784348662e-06	2.44784348662e-06	2.44784348662e-06	Sun	Venus	2.44783229633e-06	-4.571e-06	
Venus/run20170622-191021_venus_L1_BPO-B/gridPOrun.out	13786109	fca19351405d601209e112c82b9ae27e	17663	31	2	132712000000.0	324859.0	2.44784348662e-06	2.44784348662e-06	2.44784348662e-06	2.44784348662e-06	Sun	Venus	2.44783229633e-06	-4.571e-06	
Venus/run20170803-135410_venus_L2_BPO/gridPOrun.out	7646868	abce0adc34890f978a914d510f568d30	9820	31	2	132712000000.0	324859.0	2.44784348662e-06	2.44784348662e-06	2.44784348662e-06	2.44784348662e-06	Sun	Venus	2.44783229633e-06	-4.571e-06	
Venus/run20170803-135841_venus_L2_RPO/gridPOrun.out	9910281	b8bd263309c1a11276979255e81b7c42	12701	31	2	132712000000.0	324859.0	2.44784348662e-06	2.44784348662e-06	2.44784348662e-06	2.44784348662e-06	Sun	Venus	2.44783229633e-06	-4.571e-06	
Venus/run20171202-184806_venus_DRO/gridPOrun.out	48243922	9c8068cdc1cf95fe5d564dac6c367bb8	61637	31	2	132712000000.0	324859.0	2.44784348662e-06	2.44784348662e-06	2.44784348662e-06	2.44784348662e-06	Sun	Venus	2.44783229633e-06	-4.571e-06	
