technique_id,technique,source_papers,key_assumptions,C01_EM_CR3BP,C02_EM_forced,C03_helio_EM_ideal,C04_helio_ephemeris,C05_helio_Venus_working,C06_helio_Venus_Mercury,C07_helio_Earth_NEA,C08_Sun_Jupiter,C09_Jupiter_one_moon,C10_Jupiter_CCR4BP_N5,C11_Jupiter_conic_cyclers,C12_Saturn_Titan,C13_Uranus_Titania_Oberon,C14_Neptune_Triton,C15_Pluto_Charon,C16_binary_star_planet,best_transfer_cell,note
T01,Russell n-pi and generic free-return catalogue (one working body; massless target; circular-coplanar patched conic),Russell 2004; Russell-Ocampo 2003; Russell-Strange 2009,one massive flyby body; target massless; circular coplanar; zero-SOI; repeat = integer synodic periods; prograde,-,-,P Russell2004;D#388 #913,P RO2006 (cost not closure);D#388,P? R-S 2009 p.5 says E-V and V-M searched (results in unheld AAS 07-118),P? R-S ref 26 (V-Mercury searched; unheld),E (R6: NEA as passive target; #308 posed NEA as flyby node only),-,-,-,P R-S 2009 (G-I G-E G-C E-G);D#577 #888,P R-S Titan-Enceladus;D#235 #571 #575 #655,D#312 #563 #600 #663 (one-working-node at Uranus),D#599 (Triton-Proteus 104 survivors; #874 regate pending),D#320 (Hydra-Nix V0-known),-,C07,Hard gate: AAS 07-118 (unheld) may already hold the C05/C06 ideal-model enumerations
T02,Two-working-body periodic corrector (N encounter dates as unknowns; v-inf mismatch residual; returns at BOTH bodies),Hollister-Menning 1970; Hollister-Rall 1970; Pisarevsky-Kogan-Guelman 2008 (unheld),patched conic; both bodies massive enough to bend (Rall p.124); circular then eccentric-inclined ephemeris; symmetric/full returns catalogue at each body,-,-,P Hollister-Rall (Earth-only returns; Mars returns rejected p.121),e (Hollister used 1970 ephemeris; not re-run),P Hollister-Menning E-V 15 orbits;E E-V-M (Rall negative) and Pisarevsky unknown,E (Mercury bend 13-29 deg; Venus 84 deg),X (asteroid cannot bend),-,-,-,E Ganymede-Callisto and Ganymede-Europa both massive (R-S assumed massless target),X (Titan is the only massive Saturnian flyby body),D#890 #895 (Titania-Oberon by mass continuation; not this corrector),X (one massive moon),e (Charon only),-,C11,Transfer of R1 to Jupiter: Hollister date-residual corrector with returns at both Galilean moons; control = Hollister-Menning 15 rows + R-S G-C one-body limit
T03,Liang alternating-double-cycler construction (two hub-sharing synodic periods near a small-integer ratio; forced multi-rev Lambert legs),Liang et al. 2024,patched conic; circular coplanar; hub moon massive; mismatch absorbed by alternation; no exact resonance needed,-,-,-,P Jones 2017 EMEVE class is this construction (hub Earth; VEM composite 6.4 yr),P Jones 2017 (2-synodic);E 1-synodic only with DSMs (powered),e (Mercury e 0.206 breaks the phase law),X,-,-,-,P Liang CGE;D#526 operator;E Io-containing triples (R2),X (one hub moon),D#887 (Uranian triple arithmetic; no ballistic triple),X,X,-,C11,Jones's VEM classes are the heliocentric Liang construction already; the open cell is Io-containing Jovian triples (R2)
T04,Lynam Laplace phase-angle triple-cycler construction (exact 1:2:4 lock),Lynam-Longuski 2011,exact Laplace lock; circular coplanar; fixed encounter order,-,-,-,-,X (no exact lock),X,X,-,-,P Lynam (HP ballistic in ideal model),P Lynam;D#480 (construction bug fixed),X,X,X,X (Pluto moons near 1:3:4:5:6; not exact),-,none,Jupiter-specific by the authors' own statement
T05,Real-ephemeris multi-revolution Lambert grid with v-inf continuity filter and SNOPT polish (Jones),Jones-Hernandez-Jesick 2017; Hernandez et al. 2017,zero-SOI patched conic on real ephemeris; per-leg revolution grid; body set fixed; integer synodic closure; prograde,-,-,P (Russell catalogue equivalent),P Jones VEM;D#864 probe;#866 #867 not dispatched,P Jones (E or M start; V-M legs excluded),E (R5: Venus working; Mercury 2:1 returns; Mariner 10 control),E (R6; Ozaki E-ast-E blocks as control),-,-,-,P Hernandez IEG (Lambert + Monte Carlo);E Io-free and Callisto triples via this route,E (Titan with Rhea/Dione/Enceladus passive),e (Landau 2025 tours one-way; cyclers absent),X (one moon),-,-,C06,Enumeration-first rule (#864 sec 9.3) applies: all revolution topologies before any corrector
T06,Ideal-to-ephemeris continuation as constrained optimisation (5n unknowns; conditional flyby cost; elastic infeasibility),Russell 2004 ch.5; Russell-Ocampo 2006; Russell-Strange 2009 (position interpolation for moons),ideal periodic parent in the right basin; zero-SOI; result is a cost not a closure; 7 cycles,-,-,-,P RO2006 (9/39/74 of 203);D#388 (not as published);#915 registered,E (Venus parents from T01/T02),E,E,-,-,-,P R-S 2009 (0-222 m/s; 4 single cycles n-body),P R-S Titan-Enceladus,D#895 variant (Titania-Oberon realeph; NO ROW),E,-,-,C05,#897 P5 is the Earth-Mars cell; Venus and Mercury parents are the empty cells
T07,Bradley-Russell kappa continuation from zero-SOI to full gravity (multiple shooting; GM radius SOI and ephemeris blended),Bradley-Russell 2014,converged ZSOI chain on an ephemeris; open tour with fixed order; 2-9 encounters; small kappa steps,-,-,-,P B-R heliocentric EVVEJ (open; kappa_0=1 converges),E,E,E,-,-,E (Laplace-locked EGGIE integrated: R7),P B-R Jovian 7-encounter tour (open);E closed cycler (Hernandez EGGIE; Liang CGCEC),E,D#895 (same idea; unsoftened moons),E,-,-,C11,Closure (periodicity) condition never added by the authors; pseudo-arclength named but not used
T08,Graph / dynamic-programming global search over (body epoch) nodes with flyby-defect cost,Bellome et al. 2023; Oshima 2024; Ceriotti 2010; Vasile-Campagnola 2009,Lambert grids; one-way; no periodicity closure; same-body resonant legs added analytically,-,-,-,P Bellome (one-way);E with closure (#897 P9),E,E,E,-,-,-,P Vasile-Campagnola Jovian tour (one-way),e,e,X,-,-,C04,Only method on the list that enumerates families on a grid instead of following a seed; #388's named 'global method'
T09,Tisserand graph / v-inf globe / Tisserand-Poincare graph itinerary design,Strange-Russell-Buffington 2007; Campagnola-Russell 2009 A B; Heaton-Longuski 2003; Strange 2013; Hughes 2014,circular coplanar bodies; zero-SOI; same-body transfers at fixed v-inf (globe); planar,-,-,P (Tisserand on Earth-Mars),P Hughes EVM,P Hughes (Venus 7 km/s),X (Mercury e and i),X,-,P Campagnola T-P graph Europa-Ganymede,P Campagnola 2014 courtship,P Campagnola; Anderson 2021,P Wolf-Smith Cassini; Yam 2009,P Heaton 2003; Strange 2013; McAdams 2011,P Campagnola 2015 v-inf sphere (Triton inclined; globe still works for same-body),e,-,none,Design aid not a discovery method; useful as an energy-matching pre-filter for two-moon cycler candidates (T-P graph at Uranus)
T10,Second-species mu=0 arc alphabet plus Barrabes-Gomez in/out-map seeds plus Casoliva three-step mass continuation (one small body; tight p-q cyclers),Henon 1968; Bruno 1981; Barrabes-Gomez 2002 2003; Casoliva 2008 2010,planar circular CR3BP; small mu seed (1e-6); C<3; p/q<=2 sqrt 2; one close passage per arc; resonance set by Kepler a,P Casoliva Table 3;D#899 steps 1-2 (reproduced forward from seeds);D#780 (direct-seed negative),E Casoliva rows in ER3BP (#917 registered);E Sun-forced (#905 did RRT/Casoliva counterparts),P-equivalent (Russell Earth returns are mu=0 arcs),-,-,-,-,P Bruno A0 first order;P FNS at mu 1e-4 (generic),P/e Restrepo-Russell R families and Anderson-Lo 3:4 5:6 are the symmetric members; E asymmetric and tight members and the spatial vertical-flyby branch (R10),-,-,P/e Vaquero Titan resonant families;E tight asymmetric members (Titan e 0.029 small),P/e Anderson-Kumar Oberon 4:5 (cycler-class by #855);E tight asymmetric,P/e Spear 12 families;E tight asymmetric,X (mu 0.109: seeds fail; #504),P RRT mu 0.001 is first species; E second species at mu 1e-3,C12,At small mu the method is MORE valid than at Earth-Moon; what is unpublished at moons is the asymmetric and spatial members not in symmetric grid databases
T11,Both-primary (Birkhoff / Waldvogel B3 / KS) regularisation for continuation through collision with EITHER primary,Waldvogel 1967; Kustaanheimo-Stiefel 1965; Aarseth-Zare 1974; Kumar-Moreno 2025 (KS through Moon),smooth through both singularities; planar (Birkhoff LC) or 3D (KS),E (#899 step 2 needs Earth side; #928 Moon only) = R4,E,-,-,-,-,-,e,e,-,-,e,e,e,E (near-equal masses: Birkhoff natural),P Kumar-Moreno at EM only (Moon side),C01,Enabler for R4 (Bruno e=1 arcs and Gomez-Olle double-collision orbits to Earth-Moon mass)
T12,Bolotin-MacKay shadowing of collision-arc chains (nondegenerate critical point of the fixed-energy Lambert action; time-periodic field; several moving planets allowed by Remark 1),Bolotin-MacKay 2000 2006; Bolotin 2005 (elliptic); Bolotin 2006; MacKay 2005,one small body (or several by Remark 1 unproved); mu below unquantified mu_0; direction change in rotating frame; fixed Jacobi constant; elliptic case needs fixed e>0 and mu small (Bolotin 2005),e (circular 1-chains degenerate; EM e 0.055 makes Bolotin 2005 apply),E Bolotin 2005 at EM e=0.0549 (ER3BP chains),E (Sun-Earth-Mars both massive via Remark 1: nondegeneracy as a persistence predictor for the 203 Russell parents = the #388 wall),X (not time-periodic),E,X (Mercury e vs mu regime unclear),-,P abstract Sun-Jupiter-type (theory only),E Europa or Ganymede ER3BP (e 0.0094 and 0.0011; eps vs mu regime marginal),E two-moon chains via Remark 1 (no proof),E,E Titan ER3BP e 0.029 mu 2.4e-4 (eps/mu about 120; regime holds),e (Titania e 0.0011 about 0.03 mu; wrong regime),e (Triton e about 0),X (mu large),P (theory),C12,Theory proven for Sun-Jupiter-type small bodies; never computed at any physical moon; Titan is the cleanest elliptic case; the project's turn gate is its finite-mass form
T13,Font-Nunes-Simo collision-manifold return map and S/T symbolic alphabet (complete set of second-species periodic orbits at one C up to a maximal time),Font-Nunes-Simo 2002 2009,planar circular CR3BP; fixed C (2.8 only); mu 1e-6 to 1e-3 (full set at 1e-4); quasi-collisions near one location,P limits (EM mu 0.012 not reached);D#896 (8 printed orbits as tests),X,P-equivalent (Henon arcs),-,-,-,-,P at generic mu 1e-4 (Sun-Jupiter-like),E Europa mu 2.5e-5 (inside the validated range),-,-,E Titan mu 2.4e-4 (edge of range),E Titania/Oberon mu 4e-5,E Triton mu 2.1e-4,X,P generic,C09,The only COMPLETE enumerator of flyby-chain periodic orbits in the corpus; validated exactly in the mass range of the Galilean and Uranian moons and never run at a physical moon
T14,Ross-Roberts-Tsoukkas (k1 k2) cycler construction from L1-tube cuts (symmetric; planar; pseudo-arclength in (x0 C)),Ross-Roberts-Tsoukkas 2025 2026; Roberts-Tsoukkas-Ross 2026 student summary,planar CR3BP; mu in (0 1/2]; C<C1 (open neck); symmetric prograde circuits; circular primaries,P RRT (1 1)-(3 3);D#315 #438 #444 (3D lifts known-class);E exterior L2 class (R9),E persistence conjecture (#897 P6);D#905 (70 Sun-forced counterparts),X (needs ER3BP; mu 3e-6),X,X,X,X,P RRT mu 0.001 (1 1),e (#627 mu-continuation lost topology at Titan-class mu),-,-,D#627 #633 (Titan: 0/16375 clean negative),e (same mu class as Titan: expect empty),e,P RRT mu 0.1 (3 2) figure-only (1 3) exterior;D#504 #549 #656 (PC (3 2) first; exhaustive),D#549 (real binaries),C01,Exterior (L2-tube) class is the authors' named future work; Pluto-Charon is exhausted for interior symmetric members
T15,Casoliva Class-2 cyclers: symmetric periodic orbits shadowing an L1 Lyapunov homoclinic (continuation in h),Casoliva 2008 2010; Barrabes-Mondelo-Olle 2009,planar CR3BP; low energy C about 2.9-3.2; L1 homoclinic exists; symmetric,P Casoliva He1-He4;D#783 stamp (BMO cold start),e,X,X,X,X,X,P Koon et al. homoclinics (not as cyclers),E Europa or Ganymede (homoclinics exist; cycler class never computed),e,-,E Titan,E Titania/Oberon,D#868 #782 (two Neptune-Triton POs closed; held for adjudication),e (mu large; L1 homoclinic structure differs),e,C12,The #868 recipe IS this technique at Neptune-Triton; Titan and Ganymede are the direct repeats (#872 pilot scope)
T16,Melnikov / first-order phase selection and epsilon-homotopy for a CR3BP orbit under single-frequency forcing (which phases survive; q=1 2 only at first order),Leiva-Briozzo 2008; Brown et al. 2024 2025; Oshima 2022; Rhouma-Chicone 2000; Boudad 2020,orbit period commensurate with forcing (a T* = b Tg); small forcing parameter; single frequency; nondegenerate zeros,-,P L-B Brown Oshima;D#884 #905 (corrected models),X (no single frequency),X,X,X,X,-,E Europa orbit forced by Ganymede at the synodic period (commensurate members),P Baresi (tori) not periodic orbits;E,-,e (Rhea forcing of Titan weak and Sun forcing quasi-static),D#890 (Titania-Oberon periodic orbit by mass continuation is this at q=1),X (no circular coplanar perturber),e,-,C09,Transfers to any two-moon pair with a commensurate base orbit; the project has the machinery (#884/#905) pointed only at Earth-Moon-Sun
T17,Stroboscopic-map invariant-circle (2D torus) solver with stable/unstable bundles; continuation in forcing strength and rotation number,Kumar-Anderson-de la Llave 2021 CMDA; Kumar et al. 2021 AAS; Rosales et al. 2021; Anderson-Kumar 2024; Kumar 2025 Titan-Rhea,planar; Hamiltonian periodic perturbation of a CR3BP with ONE forcing frequency (one concentric circular perturber; no commensurability needed); hyperbolic base orbit; weak perturbation,-,P Rosales (L1 L2 substitutes);D#889 (control passed);E stable-cycler invariant curves (#897 P6),-,X,E Sun-Earth CR3BP forced by Venus (e 0.007; single frequency): quasi-periodic Earth resonant-return objects,X (Mercury e),X,-,P Kumar PERTBP (eccentric forcing),P Kumar E-G and G-E;D#695 #702 #696 (Io-Europa negative; stamp),-,P Kumar 2025 Titan-Rhea;D#716 stamp (Titan-Hyperion),P Anderson-Kumar Oberon-Titania;D#689-#708 Umbriel-Titania (novel) #862,X (no circular coplanar second moon; #864 sec 8),e (Nix/Hydra perturbers 1e-9: pointless),-,C05,Dynamical-object bet only (#864 item 13); tori are not cyclers under the README rule
T18,Secondary-resonance (Farey / Chirikov overlap) torus-survival test inside a resonant family,Kumar-Anderson-de la Llave 2023 AAS; Anderson-Kumar 2024,continued torus family with monotone rotation number; planar CCR4BP,-,e,-,-,E (Venus-forced Earth resonant orbits: predictor of 15/32-yr repeatability),X,X,-,-,P Ganymede 4:3 under Europa,-,P Titan 3:2 under Rhea (gap Tp/T 0.1898-0.1953),P Oberon 5:6 6:5 under Titania,X,-,-,C05,Speculative predictor of ballistic repeat of real-ephemeris heliocentric cyclers (reader hint; untested)
T19,Torus-manifold mesh intersection (GPU) and continuation of heteroclinic connections; chaining into cycles,Kumar-Anderson-de la Llave 2023 Acta; 2025 SIADS; Olikara 2016,planar periodically perturbed CR3BP; one-parameter torus family; connections are transfers not orbits; chaining theory exists (Fontich-Martin) but unbuilt,-,-,-,-,-,-,-,-,P Kumar PERTBP 3:4->5:6,P Kumar G 4:3 -> E 3:4 candidates (residual);D#882 #886 #872 (G1 corrector) #696,-,E Titan-Rhea heteroclinics (Kumar 2025 future work),P Anderson-Kumar connections (not novel);D#882,X,-,-,C12,Chain closure into a periodic orbit is unbuilt by the authors and blocked on #872 for the project (#790)
T20,Wilczak-Zgliczynski covering-relation computer-assisted proof of connection chains and symbolic dynamics (closes chains into periodic orbits rigorously),Wilczak-Zgliczynski 2003 2005; Capinski-Gidea-de la Llave 2016,planar CR3BP; validated integration at one (mu C); symmetric periodic orbits; hyperbolic structure present,E (EM: controls only per #864),X (forced models only 'believed'),X,X,X,X,X,P Sun-Jupiter Oterma C=3.03;D#636 machinery (built; #646 negative),E Europa chains,X,-,E Titan,E Titania/Oberon,E certify the two #868 homoclinic-accumulating POs (theorem-grade),e,-,C14,Would lift 'first computed' to 'proved to exist' for the Neptune-Triton rows; publication value not discovery
T21,ER3BP commensurate-period continuation of symmetric families with fold / period-doubling tracking,Broucke 1969 (TR 32-1360); Gomez-Olle 1991 II; Park-Howell 2024; Peng-Xu 2015 2017; Martinez-Cacho 2025; Wang et al. 2026,orbit period 2 k pi in the pulsating frame; symmetric perpendicular apse crossing; pseudo-arclength in e,P Broucke 7P/7A at EM mu (elliptic families; NOT circular controls);P Park-Howell L2 halo;E Casoliva rows (#917 registered),P (same),X,X,X,P Peng 2017 Sun-Mercury halos (M5N2 M7N3 M9N4),X,P Hadjidemetriou 2:1 3:1 4:1,P Peng-Xu JE swing QSOs; Martinez-Cacho,X (two frequencies),-,P Martinez-Cacho Titan QSOs;E Titan second-species in ER3BP (with T12),e (e 0.0011),e (e about 0),e,P Antoniadou star-planet mu 1e-3,C12,Elliptic second-species cyclers at Titan: theory (T12) plus corrector (T21) both published; the combination at a physical moon is not
T22,High-order (DA) transfer-map fixed-point enumeration with automatic domain splitting (complete in a domain; asymmetric fixed points allowed),Zhou et al. 2025,autonomous CRTBP; Poincare section; fixed C; bounded domain; chaining depth n,P Zhou (Png' Table 6 cycler-like);D#450 #523 #527 #532 (DA-HOTM enumerator);E Table 6 refinement (R3),X,-,X,X,X,X,D sun-jupiter-hilda-32-mmr-dahotm stamp,E Europa Ganymede (enumerator exists),X,-,E Titan,E Titania/Oberon,E Triton,E (cheapest; asymmetric complement to the symmetric (k1 k2) sweeps; needs owner reopening Pluto),E,C15,'Empty' from symmetric sweeps is conditional on method; HOTM finds asymmetric multi-rev fixed points the (k1 k2) construction cannot
T23,Keplerian periapsis / apoapsis kick map (and controlled patched two-moon map),Ross-Scheeres 2007; Grover-Ross 2009,planar CR3BP; near-Keplerian spacecraft with periapse outside (or apoapse inside) the perturber orbit; C near 3; circular moon,-,-,e (Sun-Earth exterior: valid; cycler use unclear),X,-,X,-,P (generic),P Ross-Scheeres;D#500 (map built; 17/17 controls),P Grover-Ross E-G controlled map,-,E Titan (small mu; good fit),E Titania/Oberon (better fit than Jupiter per mass ratio),e (retrograde Triton: prograde test orbits only),X (mu large),-,C13,Fast resonance-hopping enumerator for two-moon itineraries at Uranus; untried there
T24,Regularised symplectic continuation with Conley-Zehnder index (bifurcation graphs through collisions),Kumar-Moreno 2025; Moreno et al. 2024; Frauenfelder-Koh-Moreno 2023; Aydin-Batkhin 2025,CR3BP planar and spatial; symmetric families; Floquet pair through +1 only; KS/LC regularisation,P Kumar-Moreno (Broucke H1 H2),X,-,-,-,-,-,P Hill limit (Aydin-Batkhin),P Moreno JE (DPO-LPO bridge),X,-,P Moreno Saturn-Enceladus,E,E,E,P,none,Produces families and bridges not cyclers; census value only
T25,Parameterisation-method manifolds of map-periodic orbits on a perigee/apogee section with MMR heteroclinic detection,Kumar 2025 (multishooting); Kumar et al. 2024 2025 (cislunar); Rawat 2025,2-dof autonomous (planar CR3BP); small mu (Delaunay near action-angle); monotone mean anomaly; interior (periapse) or exterior (apoapse) section,P Kumar 3:1->2:1->L1,X,-,-,-,-,-,e,P Anderson-Lo 3:4<->5:6 (other method); E with this method,X,-,P Vaquero Titan 3:4<->6:5 (do-not-claim list),P Kumar 2025 Oberon;D#882,E Triton (Spear built no resonant connections),X (no near-integrable structure),-,C14,Heteroclinics are transfers; cycler relevance only through chain closure (T19/T20)
T26,Resonance width and chaotic-zone estimate from perigee/apogee Poincare maps,Rawat et al. 2024 2026; Rosengren 2024,planar CR3BP; small mu; (a e) projection along energy surfaces,P Rawat,P (qualitative ephemeris check),-,-,-,-,-,e,E,X,-,E Titan,E,E,X,-,none,Census and triage aid; no cycler yield
T27,Reachable-set proxy network over representative periodic-orbit families at one Jacobi constant,Braik-Ross 2026,planar CR3BP; one C; energy-preserving heading-change proxy; family representatives,P Braik-Ross;D#650 (transfer network),e,-,-,-,-,-,e,E (Restrepo-Russell families supply nodes),X,-,E Titan,E Titania/Oberon,E Triton,e,-,none,Cheap at moons but yields a network not a cycler
T28,Grid search of symmetric periodic orbits with clustering (planar and 3D PO databases),Restrepo-Russell 2018; Franz-Russell 2022,CR3BP; symmetric crossings only; near the smaller primary (Franz) or planar axisymmetric (Restrepo); impacts removed; cycler geometry excluded by construction,P Franz-Russell; Restrepo-Russell,X,P Restrepo Sun-planets,X,X,P Sun-Mercury (Restrepo),X,P Restrepo,P Restrepo (Io Europa Ganymede Callisto),X,-,P Restrepo (Titan + 5 moons),P Restrepo (Ariel Umbriel Titania Oberon),P Restrepo Triton,X (not in the 24),-,none,Absence from these databases is not evidence of novelty (asymmetric and Earth-circulating orbits excluded)
T29,Laplace-locked time-periodic multi-moon field (tri-circular N=5; CRNBP) and stroboscopic fixed points / tori,Baresi-Owen-Scheeres 2023; Owen-Baresi-Scheeres 2024; Negri-Prado 2022; Blazevski-Ocampo 2012,all perturbers exactly commensurate (single common period) or one perturber; concentric circular coplanar; planar,-,-,-,-,-,-,-,-,-,P Baresi tori (Lyapunov substitutes);D#714-#736 (N=5 Europa 3:4 torus; novel);E exact periodic triple cycler as stroboscopic fixed point (R7),P Blazevski m2-Lyapunov PO (CCR4BP),X (Titan-Hyperion 4:3 is a lock but Hyperion mass negligible),X (no lock),X,e (Styx Nix Kerberos Hydra near 1:3:4:5:6 not exact),P Negri-Prado Hydra-Charon CRNBP,C10,R7 is the only encounter-bearing object this model can host
T30,Patched coupled-CR3BP tube intersection on a common section (Petit Grand Tour; MMAT),Koon-Lo-Marsden-Ross 2002; Ross-Koon 2003; Canales-Howell-Fantino 2021; Lantoine-Russell 2011,each moon's CR3BP dominates on its side; L1/L2 tubes; moon phase free; one-way transfers,-,-,-,-,-,-,-,-,-,P Koon G->E;P Lantoine G halo -> E halo;D#932 registered,P Ross-Koon MMO (one-way);E round trip G->E->G closed (never posed),X (Pozzi: HIMs of adjacent Saturn moons do not intersect),P Canales Titania->Oberon (one-way);D#715 no Ganymede encounter (Jovian chained grid),X,X,-,C10,A closed two-moon tube round trip at Jupiter is the dynamical-systems counterpart of R-S two-moon cyclers; never posed in the held papers
T31,Matched asymptotics for one close passage (Perko; Gomez-Olle I; Barrabes-Gomez spatial seeds),Perko 1974 (unheld) 1976 1977 1981; Gomez-Olle 1991 I; Barrabes-Gomez 2002 2003; Breakwell-Perko 1974,planar circular (Perko); spatial vertical flyby only (BG2003 C_J=2+(p/q)^(2/3)); mu small; validity needs mu ln mu / v^3 small,P Casoliva eqs 14-18 (planar seeds);D#899 seed generator;E spatial branch corrected at EM mu (R10),X,-,-,-,-,-,P (theory),E spatial vertical-flyby seeds at Ganymede (mu 7.8e-5 better than EM),X,-,E Titan,E Titania,E Triton,X (mu large),P theory,C09,Spatial second-species seeds have never been corrected at any physical mu (reader-theory-tori transfer hint)
T32,Averaging / Hill-quadrupole (HR4BP) treatment of a slow distant third body and averaged-unaveraged linking,Scheeres 1998; Brown et al. 2024; Sanaga-Howell 2025; Park-Howell 2026,third body far and slow (quadrupole; forcing period half the synodic month); Earth-Moon-Sun only in the papers,-,P Scheeres Brown Sanaga,X,X,X,X,X,-,e,X (forcing not slow),-,E Sun on a Titan cycler (29.5 yr forcing; adiabatic),E Sun on Uranian cyclers (84 yr),E Sun on a Triton cycler (165 yr),E (Sun on Pluto-Charon: 248 yr),-,C12,Low value: the adiabatic limit adds little to a CR3BP result at the outer planets
